Workbook

Sheet Calibration Register
A1: STAL FABRICATION & GALVANIZING LTD.
A2: CALIBRATION REGISTER (ACTIVE CONTROL)
A4: Document No: | B4: QMS-CAL-001 | D4: Prepared By: | E4: M. Iqbal (QA Eng.) | G4: Approved By: | H4: D. Henderson (Tech Dir.)
A5: Revision: | B5: 03 (Revised) | D5: Reviewed By: | E5: S. Rahman (QC Lead) | G5: Last Reviewed: | H5: 2026-02-20
A6: Effective Date: | B6: 2026-02-25
A8: Note: Calibration records verified against Master Equipment Register (QMS-ML-001).
A11: Equip ID | B11: Equipment Name | C11: Location | D11: Cal Req? | E11: Freq (Mo) | F11: Last Cal | G11: Next Due | H11: Days Rem. | I11: Status | J11: Performed By | K11: Cert No. | L11: Remarks
A12: EQ-001 | B12: Vernier Caliper | C12: Machine Shop | D12: Yes | E12: 12 | F12: 2025-08-15 | G12: 2026-08-15 | H12: =IF(G12="","",INT(G12-TODAY())) -> 0 | I12: =IF(H12="","",IF(H12<0,"OVERDUE",IF(H12<=30,"DUE SOON","VALID"))) -> 0 | J12: Metrology Svcs | K12: CERT-8821 | L12: -
A13: EQ-002 | B13: Digital Micrometer | C13: QC Lab | D13: Yes | E13: 12 | F13: 2025-02-10 | G13: 2026-02-10 | H13: =IF(G13="","",INT(G13-TODAY())) -> 0 | I13: =IF(H13="","",IF(H13<0,"OVERDUE",IF(H13<=30,"DUE SOON","VALID"))) -> 0 | J13: Metrology Svcs | K13: CERT-5592 | L13: Booking collection for lab
A14: EQ-004 | B14: DFT Coating Gauge | C14: Galv. Plant | D14: Yes | E14: 6 | F14: 2025-11-20 | G14: 2026-05-20 | H14: =IF(G14="","",INT(G14-TODAY())) -> 0 | I14: =IF(H14="","",IF(H14<0,"OVERDUE",IF(H14<=30,"DUE SOON","VALID"))) -> 0 | J14: Surface Tech | K14: CERT-2281-R | L14: Recalibrated after initial fail
A15: EQ-005 | B15: UT Thickness Gauge | C15: QC Lab | D15: Yes | E15: 12 | F15: 2026-01-10 | G15: 2027-01-10 | H15: =IF(G15="","",INT(G15-TODAY())) -> 0 | I15: =IF(H15="","",IF(H15<0,"OVERDUE",IF(H15<=30,"DUE SOON","VALID"))) -> 0 | J15: NDT Spec | K15: CERT-NDT-09 | L15: Ref Master List EQ-005
A16: EQ-008 | B16: Profile Gauge | C16: Galv. Plant | D16: Yes | E16: 12 | F16: 2026-02-15 | G16: 2027-02-15 | H16: =IF(G16="","",INT(G16-TODAY())) -> 0 | I16: =IF(H16="","",IF(H16<0,"OVERDUE",IF(H16<=30,"DUE SOON","VALID"))) -> 0 | J16: Metrology Svcs | K16: CERT-SR-221 | L16: -

Sheet Calibration Due Summary
A1: STAL FABRICATION & GALVANIZING LTD.
A2: CALIBRATION DUE SUMMARY
A4: Document No: | B4: QMS-CAL-001 | D4: Prepared By: | E4: M. Iqbal (QA Eng.) | G4: Approved By: | H4: D. Henderson (Tech Dir.)
A5: Revision: | B5: 03 (Revised) | D5: Reviewed By: | E5: S. Rahman (QC Lead) | G5: Last Reviewed: | H5: 2026-02-20
A6: Effective Date: | B6: 2026-02-25
A8: Note: Calibration records verified against Master Equipment Register (QMS-ML-001).
A11: Equip ID | B11: Equipment Name | C11: Next Due Date | D11: Days Remaining | E11: Status | F11: Responsible Dept
A12: ='Calibration Register'!A12 -> 0 | B12: ='Calibration Register'!B12 -> 0 | C12: ='Calibration Register'!G12 -> 0 | D12: ='Calibration Register'!H12 -> 0 | E12: ='Calibration Register'!I12 -> 0 | F12: QC Department
A13: ='Calibration Register'!A13 -> 0 | B13: ='Calibration Register'!B13 -> 0 | C13: ='Calibration Register'!G13 -> 0 | D13: ='Calibration Register'!H13 -> 0 | E13: ='Calibration Register'!I13 -> 0 | F13: QC Department
A14: ='Calibration Register'!A14 -> 0 | B14: ='Calibration Register'!B14 -> 0 | C14: ='Calibration Register'!G14 -> 0 | D14: ='Calibration Register'!H14 -> 0 | E14: ='Calibration Register'!I14 -> 0 | F14: QC Department
A15: ='Calibration Register'!A15 -> 0 | B15: ='Calibration Register'!B15 -> 0 | C15: ='Calibration Register'!G15 -> 0 | D15: ='Calibration Register'!H15 -> 0 | E15: ='Calibration Register'!I15 -> 0 | F15: QC Department
A16: ='Calibration Register'!A16 -> 0 | B16: ='Calibration Register'!B16 -> 0 | C16: ='Calibration Register'!G16 -> 0 | D16: ='Calibration Register'!H16 -> 0 | E16: ='Calibration Register'!I16 -> 0 | F16: QC Department

Sheet Calibration History
A1: STAL FABRICATION & GALVANIZING LTD.
A2: CALIBRATION HISTORY ARCHIVE
A4: Document No: | B4: QMS-CAL-001 | D4: Prepared By: | E4: M. Iqbal (QA Eng.) | G4: Approved By: | H4: D. Henderson (Tech Dir.)
A5: Revision: | B5: 03 (Revised) | D5: Reviewed By: | E5: S. Rahman (QC Lead) | G5: Last Reviewed: | H5: 2026-02-20
A6: Effective Date: | B6: 2026-02-25
A8: Note: Calibration records verified against Master Equipment Register (QMS-ML-001).
A11: Equip ID | B11: Cal Date | C11: Result | D11: Performed By | E11: Cert No. | F11: Verified By | G11: Remarks
A12: EQ-001 | B12: 2024-08-14 | C12: PASS | D12: Metrology Svcs | E12: CERT-7710 | F12: S. Rahman | G12: Yearly interval
A13: EQ-005 | B13: 2025-01-08 | C13: PASS | D13: NDT Spec | E13: CERT-NDT-01 | F13: M. Iqbal | G13: Completed 3 days post-due (Site schedule)
A14: EQ-004 | B14: 2025-11-20 | C14: FAIL | D14: Surface Tech | E14: CERT-F-2281 | F14: S. Rahman | G14: FAIL: Dropped during plant scan. Out of tolerance.
A15: EQ-004 | B15: 2025-11-28 | C15: PASS | D15: Surface Tech | E15: CERT-2281-R | F15: S. Rahman | G15: Corrective Action: Re-cal post physical repair (Met-Lab)
A16: EQ-003 | B16: 2026-02-01 | C16: PASS | D16: Internal QC | E16: INT-VAL-42 | F16: M. Iqbal | G16: Internal verification - Bridge Cam Gauge
